 {
   "particles": {
     "number": {
       "value": 50,
       "density": {
         "enable": true,
         "value_area": 700
       }
     },
     "color": {
       "value": "#FF0000"
     },
     "shape": {
       "type": "circle",
       "stroke": {
         "width": 1,
         "color": "#FF0000"
       },
       "polygon": {
         "nb_sides": 5
       },
       "image": {
         "src": "",
         "width": 100,
         "height": 100
       }
     },
     "opacity": {
       "value": 0.7,
       "random": true
     },
     "size": {
       "value": 10,
       "random": true
     },
     "line_linked": {
       "enable": true,
       "distance": 200,
       "color": "#FF0000",
       "opacity": 0.5,
       "width": 2
     },
     "move": {
       "enable": true,
       "speed": 2,
       "direction": "top",
       "random": true,
       "straight": false,
       "out_mode": "out",
       "bounce": false,
       "attract": {
         "enable": true,
         "rotateX": 600,
         "rotateY": 1200
       }
     }
   }
 }